,sequence,label,true_label,predicted_label
0,MVRSNKQEPRVSSTYIRSLVKQQLAYSTTMTTTTTTTTNDGSGGGKTQTQTHKKQVRRRLHTSRPYQERLLNMAEARREIVTALKQHRASMRQATRIPPPQPPPPPQPLNLFSPPPPPPPPDPFSWTNPSLNFLLPNQPLGLNLNFQDFNDFIQTSSTTSSSSSSSTSSSSSSIFPTNPHIYSSPSPPPTFTTATSDSAPQLPSSSNGENNVVTSAWWSELMLKTVEPEIKPETEEVIVVEDDVFPKFSDVMEFPSWLNQTEEELFHPYNLTDHYSSSPHNPPLSCMEIGEIEGMDGDDWLA,Nucleus,Nucleus,Nucleus
1,MSKDSSLHPKYQMASNIPRETSFLVPKEPTRYLPFQMCQSPLVTPTRPLQSSHSVHERDLHQKDSQEPSRNSGSMPLSDKYYNKQSGPVATRKCRKERTVYSKEQKCLLQEHFHQCQNPDLEQRKALALLIGVTEYKIQTWFKNRRAKECRKSSQLPRRIGSGPHYRPTSSSGGEVPDFAASPDSVCQRHVNVSYPPEFRPSRNSPHQEFNSSLIDQPLEDMCFSKSHIISEHPRQKCRELSREPGHLSSDRSGCSNVLSSPSPAAGAESSCDIPSGLSLSPQLGPPSMTQNSESTFSMCQTPSVLSPLPELSPLSNSLDQMAIFSKIDQVCEIYQKNTRSKKQRKETEKNTVQNLMHGQDSCEITESPKGTVSLPSSAY,Nucleus,Nucleus,Nucleus
2,MEASPRSLTSCTLGPLDQKFSWEQLSELEAYFKVEPYPDLQDRKIMATRLKLKEEQVEAWFIQRSLEEEMRPPLARLQQSALDGTSSPSHKALCCRPPSWKYRLIPINPPESSTSCLKDSKTVLISKTELTDEQFQKLRKHFETDRCPNEETLQAFAEELKLRKDLIRSWFITQRHRMRGYRRLFMRYYRDWKTSREYSTTRSFDRQKNSKECSQNDPGLPEALEALKRLKLSSGYQSRDGMSQDF,Nucleus,Nucleus,Nucleus
3,MELCGNVMTNSKYEMFRLKCLYCSIESELKDWELFIVHVKSAHYCEDEDVRINEIKEDTEELYSVVDAADPAIAYGPDEFFEVIENSNGVDQWMEADSKDIQYEEDATAWSAATNNSWEFGPGGSSLELPAGKEVTQMDESSQNHIPLNTDDDDVDCSDFFMSEDDLAPPRKPGRPPRRTRPGQVFKFKVSFIRSNPRVLHLIQAYKEHPCLWNPSDEHYQDEPARSMAYEAIMERMDRKANVLFTVEELKKTLEQLHVQYTLALETKQRGKLVGLAARYFAKCEFLSVAPVVTPRENEEDNDLTAIKLNFKEENLITTSFIETYANYPVLYNQALPDFGSIEIRADAFKRMAKEFQPVVKANETDVYIAVNKLRRWLYDAIRRLKSKELIQKCSKQEVQYLQMCSFLPAKGSESQVLYCDYCDKRFHGDYNLRVHIVKAHEVGDLPYLCSFCPRRFDRHVDMDRHKLRSHFERKLKCQYCEKSFAVDTDLKVHTLIHTGERPHVCDICGKTFRLKLLLDHHVNGVHLNIRPYSCNMCTKTFRKKFELANHIKGHLNIRDKKCEYCDATFYDHSSLSRHRRSHRSE,Nucleus,Nucleus,Nucleus
4,MDFNQSFEDIESQLDNFVIRKNQQSEKSTGKCGPEVHDNVPLTISQIERATQDPENENVFITDDVHPIHFCTCIIYAFVTGNGTHNESFMKFMIDDGTGSLEASITKKPFNGRVISSLYSEASSLASSEAYKSIAVSMMRLLQVSMEYIDPTRISRGHSLFLRGRPNRFRGKMGLDAFQFFIDSGRSRNMEIGFVDYLTDWQRRHKTMQNTTNK,Nucleus,Nucleus,Nucleus
5,MHPSAGVNNNQHLNHQPYQQMSHYNAQQMHQQQLHHQLMTPNPYQQHFQQQMHPQLHHEDHLNMHFNPMSYPQQQQQQQQQQQQQQQHLHHFGHQIPAPPAQQGPTPQQPHLHQQIPHPLSHHQTPQPTPQPLAQQQSPQPARQPRQTKKQKQQAQNQDQADAQSQAQQHHMAMMARANQNDMLESSTRKVAPRSSDLFRVGPPFSISKQHQPVYCVGTDMPVTPLLHARIDRGFEMGETGSWIGYKRNYFTLVASFTLQDFDFEKFIGNKFYTYDKVNNKVNGFPPHHPSHPQNQPQNHPGHPHHNQHAGESRVPISYFAIRLVAKCSDEDVAISLIQHTAKRDKGPQFPPPIYPAVPSELPDHETVKVSCNKRNNNKIETMNKIFYFDRGNYYQEYNLDSYKDQSILKSYPSQSISKVARFERIQFTSSIRVKSTNTTARYFTLHVELLGIIEDEDLQIQPILLSSIESPPLIVRGRSPSSYHKDRTSGYRATNTPTPTPPQ,Nucleus,Nucleus,Nucleus
6,MWLVECTGRDLTGLSCLLSMDRQPRRRQHVAGCRDVPPPLPQGSWGQTSPRHSILCSKSGCDLLGGGEYNGETSGEEFLAPAWTCRAQQAATWLSVQQTSHKALGPAGGAAMSSKLSPEEQFLSRIHFLRTFMCSVAGAELPGIPQATENGEGCRPARDPASSPSSLSMASVYTQCSSAQLVSALS,Nucleus,Nucleus,Nucleus
7,MEHSIFPRSLWTNDSKILHHHVADFFSSVQVTQDIPAGTSFGPCVLHNTFYDTIAFIALKSFDKRNKSYVFRVDPEAMKGSPLVVPWLRLVQAAMSEEDQNTEAYLKGGQLHFRTIRDVKEGEELLVWYDEELSHLLGFRDIKAKALTDGYTCTRCGQAFKNENPFLAHCRFLCTQEKVDIIRPINQQKPEVKRHRKVIDFHNIARDLEDKMNTSSFEDTTILRKRKQEPFLTPKSKKTVLLEKTNITNESNTTNANKDCRAFRDLSEPTDNAQTNESKISKNSAFTEVRKAPEPSNPEKSSRDIMAPEVGLQSNCSAFSFVVPKSARSEQKSAFCEPSKRALAEAQNPSPPDTDNSLDSFKSKSSLGYRNVLASHLFPTDLAGSHSGGGMSAPLTSGGSYYYAPEHWTRAIGGQLQSTSSLTLLPPTFTPLGVSVQNWCAKCNLSFRMTSDLVFHMRSHHKKEFAAEAQVRRRREEKLTCPICHEYFRERHHLSRHMTSHN,Nucleus,Nucleus,Nucleus
8,MAVVPGGPSSRPAVGAQFFCTAGRGLEPFLMREVRERLAATQVEYISGKVFFTTCSDLNMLKQLKSAERLFLLIKKQLPFPVSSVSKGKILNELQRLINDDPESWLNAISIWKNLLELDAKKEKLSHKNANPLKRKVGEDDITAKKLKTEQIQELQETKECQLEKQIEEKILEQGNFITEGEKFQKLQDDVTEAVDTRNQTNLTFRVSCRCSGAVAKTLTAQEVGRVIGIALMKQFGWKADLRNPNLEIFIHLSDVYSVLGIPVFRVPLACRAYIKTAGLRSTIAWAMASLAEIKAGAVVLDPMCGLGTILLEAAKEWPHVYYVGADVSDSQLSGAYDNLRAAGLRDKIELLQVSVIELPLPSESVDIIISDIPFGKKFKLGKDIKRMLQEMERVLRVGGTIVLLLSEDHHRHLKGGEASSGPLNSQGGHTEEPGGEERLTPAEKAAVSEPVSSPFAASNQGRLDRMPPLGSLVPVDCYRVSLGKTDALISKYKKSHSPGR,Nucleus,Nucleus,Nucleus
9,MAEGPSLHPKLQVASNIPIELSSQIPQDPARNLAFQMCQNPLMTPGSTMQSRLSVPERNLLQQESQGPTRQSGRMPLSDRYVNKQTGPMALRKFRKERTVYSKEQQCLLQKHFDEFQYPNEKKIVELALSVGVTKREIKIWFKNNRAKYRRMKLQNIKQALPETNESSKAVSESTHFPGSIPVVDSDNGESMCSGTFGEDSIPKLNCSQESSLHCFQACDGDMCCPQEYQEYQEYLLHGHAPVTAWNSGQSAAFESQTDLAVAEVPVGLAYAAQAPEDAHNSGPCEDELWQRILEDLDTSDDWLTLRNLSTPVYTTEVLDQSKPYSHEEVCYTHL,Nucleus,Nucleus,Nucleus
10,MASIDEGSRVERRFCAVGNHTLRKPYRQLNNKYLVRFACLLNSEIRAGNLICCKCYTDLVRLYRKKNDNAKRHKMARETAASITDVSGSQSSSHQSAPSLHVSGQSSEFGASYSEGGIVTPDEELCSHRSLSQDSDNVPTTSAAAIQKRQLARANLMVKPSQRLSLAQTTPDCDDYDPNSNLSLNAVNGTRLPHIQPIPKRRPTVLDKQSMDIYLMGTTGG,Nucleus,Nucleus,Nucleus
11,MSPMGQREKAALRQCIQARAQLDEAIADIIKAEVQLKSNSREVKSQLHSCISRHLEILRSREVWLLEQIDLVEQLKGETLHQQLQQLHSLKGQFDLLIHQLEYSGSNSLTTQLTDCLEKLSSLNLTPEETPEMSFQADAHTLRKAITSFGTIASEQMETSESFARPWLLQDCPVFFKKQKLDPERTTPLTEWLLGNHPVCSAPVKYHFSTNPHDWLLVSKESQEEKQLPAFDFQKAWGQLHDLESWLLKEKLPIRKRTCSSSSTFSIEMIDESDFNLDDVEDEQEKASDTFEKEELNKWLVNSSLVKPNQTNPDAERFKQIFKPFYESFSSSDWLSKSDCGSCCATRTTAVEIENLGKLKCLKTPPPSTPVTTPDPMEMWLHKTIPLESTCKANETCTSYAQCVCEDNCGKEALSAWLLKKEGRDKNGVPVNKNSTSKASSHQQEQQQKVQAILEAWLHPSNSAKSPDLTSLSAWAIPHIKLADPENSVENPLQAENWLHPAIKQISSATEMPNKAESKSAKDQDGKDNVEEDKWLLRKRVSAQERLGLPIVCDLFSCMKLGGDKEKWLHQAATQI,Nucleus,Nucleus,Cytoplasm
12,MDARLLQLPWRSLRIADCIFMGKVCFTESSYALLLSDLSSMWCEEAKADIIQDRARELNKRLKAPVSSFLSYLSQIVFPVLNSKDNGQNIFSCHRSEAELLLQVKSQLSGLPFYWSFHCKEATVSTVCRHLVRPLKSMTEALESQNQELCLLLKKKDAEIQEYQDSGAVLTRDRLKTEVFDELKFQKSFLAEKVQGLCMSGKAPGFSEQLQQLYDAVIAPKAPTHPKEEDTGNSASHRPMAESSSISFEKTVPTQERTEGGAVSEPSQVPQSSVSCLTHRPPAGASKPKKKAKGLFM,Nucleus,Nucleus,Nucleus
13,MSEVEYNQENTHYAEVDNFDRDAMSQTRARSRSPVAGGAPSSDRRDRDRTDRTDRTDRSDRPRSFNDRAIASQHAATQASRKSQKNCRVYVGNLSYGVKWNTLKDFMREAVDVLLGDTRDGSITRARNASAARWLNESRRQCGWIADGKVLRFCPGWVTGGILQHLNHVRVAIQHSTRFPSFHRQPSIVYTAGHVVFSEVLTLPNGSSKGCGIVEYSTPEEAQKAIREMTNKQLEGRQVFVREDREDEVRYGTSPGGPPRGGGRGGLGGSSGRGSFGPPVRGGFYGGPPPPPYGGFGGGAPTQLFIGNLPFDVSWQDLKDLFRSAGNITRADINMGHDGRSKGSGIVAYADSNDASNAIAMYHGYEFRGRMLEVRLDKFASAPPMDPYGRAGYGPPPRGGRGGFGGAYGGRGGYGGRGGYGSGYGDPYGGGYSHEAYGGAYGGGYGGGYGDRHGAAGGYSTRASGPTSARAPAPPAAPSQQIFVKNLPWSTSNEDLVELFQTTGKVDEAEIVIGGGRSKGCGVVQFATVEDAETAIAKFNNYVYGGRPLDIEFNRRWTKFGTGGGSVNGGNDGNAPMVEVSAQDDEDGDAPVPMQG,Nucleus,Nucleus,Nucleus
14,MNPVNATALYVSASRLVLNYDPGDPQSFTEINKLLPYFRQSLSCCVCGNLLQDPIAPTNSTCQHYVCKTCKGKKMMMKPSCSWCKDYEQFEENKQLSILVNCYKKLCEYITQTPLARDIIQAVDCSADLLALLKDGSPLHEETEKSSDTALALCLTHSPVPSTSELTSDPPATLTSKPESTQNVDIRGSVINGLPNCNGLSVDKLGVNIPSPEHANTIDVCSTGEYMKNEDNSSSLQPVCDPVSTSDLCTTGIDICSFSEDIKPGGSLLLSVEEVLRSLETVSNTEVCGSNLQPSLEANVTNGPFLQLSPPPLSHNIFVSTDASPHGISCTAATPKVVKLNRKRSRSESDSEKVQPLPISSIICGPTLGASAPVTVKQENKMSLQPVATVPNGGTTPKISKTVLLSNKSVKKNLEHAPKKSHPKAKPGVLKTKDKAKEKVPSSNVMPGSPTKTVYKKPQEKKGCKCGRATQNPSVLTCRGQRCPCYSNRKACLDCICRGCQNSYMANGEKKLEAFAVPEKALEQTRLTLGINVTSIAVRNASTSTSVINVTGSPVTTFLAASTHDDKSLDEAIDVRYDC,Nucleus,Nucleus,Nucleus
15,MKTMLAAPTASSNGRPIGPHKSWKKVNEERKALKRQRKQDKLLKELQQAKEAESQAGKAANEVQAKDKPNPSTLSIAVPGSILENAQSNELRAYVAGQIARAACIFRVNEVIVFDDVGIATARETKRSYEADGEGSSTGTVRSSSLQLARILQYLECPQYLRKYFFPLHKDLKYSGLLNPLDTPHHLRQQSKFRYREGVICDKKAKEGHSYANVGLLNDVLVDKAIEPGVRVTVKMEPQSESCRKQRGTLVSPDEPRRETGVYWGYQVRIAHSMSEIFTKSPYATGYDVTVGTSDRGTNVHEVPNRSYNFNHMLIVFGGLQGLESALANDEKLTVDDPELLFDHYVNVLPRQGSRTIRTEEALLIALAALQEKLQPQVADVEIDLTDLLPKSEDSGIAVRRDVLVSKKQKKRKQVEDTPDETVVDEPSFSKPLPKVARLTANPFADSSEELAKNTPAQDDFEVVSSTTVSGTSHSCADDDLSRFD,Nucleus,Nucleus,Nucleus
16,MLTDRVLATKEALVVALGDNWERYRANMKNWFRSRWTKEEFDAESRKILTPDKLHLHNQFLLALLNKIDAFAPLENPPAVQTSSSSGNRSKRRKRSSRTFAERLNFELSDVLDFVAEDNMQIIRPPTTIGIPSDQQQQQLQSQRYCAQELFLPDAGFIMGRFLIGAWEIGLVSVDDNVAEYVAMAVQVLLKDLLSAIIKKRKHYKTSGEGNFYYDVGAPLRDPSLRNTVTRQKVDDTPLELDKELNTANFMRRQNDDVTFLSACEEVQPTERTVITLKDCQLALRDRNLIGSHAVYSINMERLNMMMH,Nucleus,Nucleus,Nucleus
17,MPRGKRRAADTISDNMDHGQPKRARTSYTSIPTQQSSRRHIRLEDGFSQKRCMAWFQEYTTPDEPETLGPDGMEKFCEDIGVEPENIVMLVLAYKMGATQMGFFSQQEWLKGLTELDCDSAAKMVVKLDYLRSILNDPNSFKSIYRYAYDFAKDSDQRCMDILTAKAMLQLLLGKHWPLYPQFAQFLEQSKYKAINKDQWCNILEFSRTISIDLSNYDIDGAWPVMLDEFVEWLRLQRSQVTSTTGSS,Nucleus,Nucleus,Nucleus
18,MLTDRVLATKEALVVALGDNWERYRANMKNWFRSRWTKEEFDAESRKILTPDKLHLHNQFLLALLNKIDAFAPLENPPAVQTSSSSGNRSKRRKRSCRTFAERLNFELSDVLDFVAEDNMQIIRPPTTIGIPSDQQQQQLQSQRYCAQELFLPDAGFIMGRFLIGAWEIGLVSVDDNVAEYVAMAVQVLLKDLLSAIIKKRKHYKTSGEGNFYYDVGAPLRDPSLRNTVTRQKVDDTPLELDKELNTANFMRRQNDDVTFLSACEEVQPTERTVITLKDCQLALRDRNLIGSHAVYSINMERLNMMMH,Nucleus,Nucleus,Nucleus
19,MATLGCAPKDDGEGKDEGGSDRGDGDPKPKGKKEVEAHTRREADERAVRIPIPEVLQQRLADDCYYINRRRRLVRLPCQTNVGAILECYVRHFSASALASGDRRPQPQRAAPERSVGLCREMADGLRITFDHALPLVLLYPQEQAQYEMVTSSTFFFPTEERASDAGRSQEAPWPGPSPPQPSESQAMAGPTAPKRRRVETDAARAPRRSTRHSTHCHWQAEDRASPQAKRSVPKLFPHLQKTPVHSTALSPIALTPGKEGSAMFAGFEGTTEEINEILSWKLVPDNYPPGHQPPPPSYIYGAQHLLRLFVKLPEILGKMSFSEKNLKALLKHLDLFLRFLAEYQADFFLESAYVSACEAHYSSKNPRTIC,Nucleus,Nucleus,Nucleus
20,MEAPRSVGGRIQRKPLADCTNTVSRSSQQSSSSVKFANPSLTSSLKRLVEQTTLKEKPKDVNTSATAPEIASRPITTDVRPVTRRMSADLASPASAPSRPQTSRSDMGVSDKDFTEPWSVYTVRRKASGQKRSKDASSSTSAAARIRLDLSSSSGKKTRQASENKKKTLKVAPKKRQRTVKQEKEDPVSAACQDYIEKQKAYFAEIDAFELPVEEVSNSDSD,Nucleus,Nucleus,Nucleus
21,MQTEHWGSLPAEDDGGQLTPDKYVPTAAKKLKLDEIRQRGDPQPQEKHHKLELRSALVTQTIEVMKQTEVLQSLIETYSNKNGSSNYLLNPCLMIPEVDFPPENAAELVGSQKFQKPIWFTPTVDTAYSRGDPEAYPEIPSSACRQAMRKVMCGMLRLAGFTDCSESAVQLLTDATEEFLRSFIGEYRGYYDSQPRLQNSTVLQLVPLERAHFAQTGTSLTQVHNYYKHKVLARNRAEIAEFNSVLQEYDKLMKESQSSMQKQHNEFNGHDFLNILDNSATGSSQSIGGMAMGDMLQDLGGSTGSSGTVSSQQMLYGLLDGQISSNTSNMTGTSGNGSTGGNGNGNGATISNFHATFET,Nucleus,Nucleus,Nucleus
22,MSPARGRAACKTCRSRKQKCDGIRPACSRCRSLGLQCTWPTVLKRGPPKGYTKALEARLAETELVLIRLLHATNDEGLLARAFDGDTQKRAHKRFGERNTELKSSVIGEHKMLALMDHWERFPLRTADDVRQWIGEVSKTSMMQGEGTNQSNEKTRGLLRVESSSGNADYQHEDEVQSPAGAGDDMAVGDPYRDDSVDQDSIGQPPQRTESVGNMQPACETHAVQDITTSSRIELPADFKDQFLW,Nucleus,Nucleus,Nucleus
23,MPASDSAEWELPRLRTSFIFQDDYKYLGDDGSVSQDLAEFFDVKFYPYSPPGAPPVFAATSKKHAVICRLTQTTDKDANPCEIIQLIRDDGNEANCASCWSKDPITDQPLLCIAGNEGNVKVYNVTEGKLYRTLVGHGGGINDLATSPANPYIIASASDDTTIRIWSLAPEHEKQPCVCILGGEGHSYDLLSVAFHDNGRYVLSAGHDQVINLWALPEFPNEHMEIPIVIYYPHFSSSEIHNNLVDCVAFYGDLILSRACHEDTIVLWRIEGFSSDDPIPGPLDAPTPTDMTKQTRSYFTPTVSPQSRPAMFTRLAQFHTPDCGVQFFMRFRMYHVPGKHPILAFANAKSKTFFWDLARFGEYARFMADLKEAQQSYNGRVVVVDQGQGISLAQAQQVHGPGVGVVMKPAWLVPKRVKKAPGAAGSGSGTAANGGHNNNNNNNNNNNNNNHETGSQRSFSATNNLSNSGRDKESASMVSASPDPDSPFGFSRETLQAWADMYDLSNPVGLIKAHRSLAIDGAFVGRQVGWSPEGEWCVVVGNGNRALIYQRWGKERGLGSGTPGA,Nucleus,Nucleus,Nucleus
24,MEAAGFLYYSPDPQGRQQKQHGHHGHFLAQPNAAYTISASPQLLAPTPIHFPSQLVLGGRGVPLTITPSASPSLMEPYRDMCSESATTDLLFNPATPPLTHSAVSTPSLSYAMPTPISNHGWSSEEPVIATVSLSDIHLPSTPADYFPPGLVAPSILKSNASPPPSISLNDLHCPALSPCSSQDSFNESDCCDPRELTIQSPTPVEIKPDILFPPMASLSGDDDQFLFGGNVESFLPLASKVTPYMAGDYNEELSDLGDSEDDFIQNFSESVFSNKRMRFDDDSENEQLPSPPMSTSSSRQGSVAPIKVLKRKLLKVKKEDTPEEMSEEQRLRSFKFGSIDSACSSEPSSPCSEKHSHMVGHPISPHVIRRGRKQSLTEDPSKTFVCHLCTRRFRRQEHLKRHFRSLHTEDKPFACGECGKKFSRSDNLTQHSRIHGTGAVVLGVLTEGEVPVLGSQFMEDESMHSPQPFIVVDSMTAASGEIKDKSSDDKKSRKKRKRSDE,Nucleus,Nucleus,Nucleus
25,MEGKNEDMHTPRGPEDASNIADEYPSPERQQQGDMLGHDIHHHLDMHHERDARDTHSPGQTDMQTELAKQVAAQAIEAAVAHVQANADRQEAGGTEACGQVSNGNQRDIHMREEPHLSNSQHHPRQPVFPRSRQSFIALSPTSVATSIAGPSTLRRSPLPDTFSRSPAPLSANDQIAILRESYARNPNPDRKELERLAARTGRPWNKIREYFRQRRNKLRGLEQLEKMEEPGRASGWLQITYRSAPVTSQVPQLALYNSYRHRFDPYSSSTPLLGGQDLIQLACATFPGCEMARDDGEYVLKGLKEKDKEREDALGDNEAMGRKGREIDPEEWERGMEGLVEPLRAGSWLLSSFQSQPGTSGSDITQTDLYTSYAARFSSLLTGVSGTSNGNAHLNGHHGLSDEEAELRNHAESLKAFEDAGLGDTQGEEDQPPTVEESDQNETSPASFPADPNPLPQAPRESRLLTPVELINLTRMTFPACEPCVDSSGRFVIKGLERREGLEPGRKSREGEMFPFALMSEKQPGEEFVKVMKRKLASLHPDAIERRNAGESKRKRDDALTEEDKELIEGLKRFRGSKLGEQVRDVCVSQ,Nucleus,Nucleus,Nucleus
26,MSYPSQGHYLPPEHQYLTAATLASHGHEHLYAHSQLSDSPPRQDLAQRKRPKYTRSKTGCLTCRMKKIKCDETKPTCARCTHGQRECTWPDASSPRRRAPLRRGSIDDRPSTAGSSVSDDSSPSIRNSTPPRRFQMDSPESGLLPPPSARRNMDPFLQLPPVVAPESRHQHIRPRPPPFTPPQSEQHNLTLSPDPSEYCRYDRYDATYAQTHHLHSSHSSPSSRAPHMVTGIRGMGYSPESVHQWNSPPLLSPIESSSYQHYPLQERGMVGPSDNHHFRYQ,Nucleus,Nucleus,Nucleus
27,MAGKNMSSRLLNMKFMQRASASTPTTPTTPDGTRPSKRLRTEAAPSPETRAFQEAAAAEEAKKNAFIERAAAEAGETKWVLSVSDDKPKTAGQGLRIVEAGYGAIDSGAPIPESDDDQDEEQSAGMAGRRSFGKFNKAVERQHNPDLSSPESEQDSDASSDSDSDDDEDLDEAELLIKAERKEAAAKLRAERKAQRKADEVKSKQMAERRRSRDINLNKVGGISNAAIRNKQANVANMACHVCGQKGHLQKDCPDRKQRRGDKRKSGGAMDY,Nucleus,Nucleus,Nucleus
28,MTSTLPYLTSPPATHPSNSDHKKLRSACDSCHQCKVKCSGGSPCFRCTSKGLNCRYGYQNRAGKPKGSKNRKTLEREHQLRMEWLTSQLRDANGGLGNLNIDLSDPTTLLPSPFFQSTRWKQGHMLPQSSVQPTPANQCIKSTEHESECLPTPQGLDTWTMDLGPIAQTPRESTSESLEAFTTPISFTGGGETYLRQLSDPTTPISFGFPSPHARLDGTGDPCACVQTQAVNISTLHQLTCRDRSDRFDLAMKSITSTLETCEKFVVCEACDKSVASILLTLSAIELIFTLFEQLTMNNRRLSPPEEEQRLIPCSLGDYKVTKEESQAIRNVLVKMTLSKGKQALNALQNLVNGSVDFLDESGPCEASQHDSNNANEPMLSGLSVTDRNYMTQCISRKNAALEVLMAAVAV,Nucleus,Nucleus,Nucleus
29,MASSDLEAATALKVQGNKAFGQHEWPTAVDFYTQAIAKYDREPSFFSNRAQAHIKLEAYGFAIADATKALELDPAYTKAYWRRALANTAILNYKDALRDFKVVAKREPNNRDAKVKLADCEKLVRRMEFEKAIEVGDPPSAFEDLDIDAIAVDDSYDGVRLEKEMTQEFIDDMIERFKNGKKIHRKYAFQIVKAVKDIVYAEPTMVEIGVDQGTKLTVCGDTHGQFFDLLEIFRLNGYPSEKHAYLFNGDFVDRGSWSTEIALLLYAYKWLRPNGIFLNRGNHETDDMNKVYGFEGECKAKYNERMFKVFSESFSALPLATLIGNKYLVLHGGLFSDDNTSLDDIRKLDRHNQRQPGQQGLMMEMLWTDPQTEPGRGPSKRGVGLQFGPDVTKRFCEKNGLEAIIRSHEVRMEGYEVEHDGRCITVFSAPKYCDTTENKGAFINVGPELKLDFQVFEAVPHPDIKPMAYAQNSIMSMM,Nucleus,Nucleus,Cytoplasm
30,MFTSSSPEQRKPRQSRQLPGAACEECRRKKLRCDRQQPQCGGSSLERRLEQQMQTALLPGDDILNMLDEPAFTVFPSSEDQLGLPAFNITNSTRGEQCQDEQFLDHFADMKGSEFTGTLTTTSIPELMRADLTLRADYRRGNGRDQLYFDRVHIFTPIIHQRRYLSWSKDAHKNEARVCLQYAMWALAASFSAPFQHLRDALYRDARRMLDLLELSDGAMATHHLEQAQAWILVAIYEFMRMNYQVGWMSAGRSFRLVQLMRLYGIDGANSPTQELPQTSSMEWIETEEKRRTFWMAYSLDRFISMRDGWPLTLNEQVVTTCLPAPEAAFQSGKPASGGFLSETITQEDTGALFSFTECIIIATVCGRSLSHGQKLEVERVYGDVSPDFWQRHQWLDAIVKKRIEILSLRCASATEVVDPLLLFTYMMAQTTVLYLCKLVKSVTWETDKSNPIVQEYEQRSLAAAQEIVNLTHTLKQFNFLKVHPFMPLPLYLCAEFLSMYRSLDASFDAQLQEVQNALRNLQAVNNLARTYLNLLQVKEREGSLRSSSEEIDL,Nucleus,Nucleus,Nucleus
31,MKPPTRSQNRSDSQAASSQKDQKSNVENQTSLAPPPRPGAPTASDTPDYFNSMHNPFSLEPNPFEQSFGGNPADTPGKSLLPSVAALTSPALPGTSSASGYNWNNSLRSGPLSPAMLPGPTGPNDYFDSIGRGFPTPNESSLRTGLTPGGGGSMFPAPSPNSQALLQQLQNGGATPSTIDFHRTALAAKKNNSNAPTSNPNEQEQAAANMDVKPARPADFTQHDAADAANGLFMLAKGGQANNAPMNHAPMSNDTRAAARRVSQNTNGTSAEDASDHEPAKPAKGKGKKNTAKAPAANNRRKAEDAPKGSNKRSKSSMEMPSDMDDEDDEDDDMKQFPMDTKKMTDEEKRRNFLERNRVAALKCRQRKKQWLANLQNKVELFTSENDALTATVTQLREEIVNLKTLLLAHKDCPVSQAQGLGPLMMNGMSAGYDHHGYNMPPNMGMQPGGIPTQGMRR,Nucleus,Nucleus,Nucleus
32,MFTKSVFIALVAGVLGVTAAYDPAHMPAKTDAKGGQTGYNDCQQRYGATNPKAKCQNIFINSVKDFCLWGPPKTNGADTVGDLEAVMVSYCMKSGYGTRLIPDGTIHGAHFLKTPSFVQITGTGDFTKIHIQAGDEGGELDPHGATGSGNPVGGQVFTRAYTGNWEQLPEWQNFMSATEYCFRACRSGPWDRQWCPHIYDVMGCLWNEPANYDRGVFEQCDGTEGEWPGVYSGSTWYQGVKPTPAAQPAGKSSNCRYYPSISNGPAIKTPSKRSVMATHVKRSPEWEEEP,Nucleus,Nucleus,Membrane
33,MQQTAALPKRLSCDRCYAQKLRCPRPSTNDDASCIRCLRQKVQCVYSTALPKGRPRAAVRACAAGAGATAGAPPITTTTTTAAPSSSDTAPPIFSTEDLASLTGLSTSGWLPDPTWEDSFCFLSSQVVPQPPPLDTTPPPRSLSASGLDNPENCVGRLSDLATRLHAVYQTTRALSDHPLITNAAFEAVTTLFNAPLSPPSAATTAATTNLRETFTSSRHLLETISHLLWATPNNNPSTAPAAAADETVIYHFTIACYSLLLLIYATLLTALHRDALTHTQPSLSTTTTTTGPDNNTSTWCSAPSLVELRLVLLFHMITYFLDRLQQMIRMYTAEFEKQASNSTTGRRPPTSGRWSEEVEEMMVVEEPWEREQHIPPPPPPTSSLGSISELETQARAALMQLRMSLVATRGGLVDN,Nucleus,Nucleus,Nucleus
34,MATLGCAPKDDGEGKDEGGSDRGDGDSKPKGKKEVEPHTRREADERAMRIPIPEVLQQRLADDCYYINRRRRLVRLPCQTNVGAILECYVRHFSASVLALGDRRPQPQRAAPERSVGLCREMADGLRITFDHALPLVLLYPQEQAQYEMVTSSTFFFPTEERASDAGRSQEAPWPGPSPPQPSESQAVAGPAAPKRRRAEAEATRAPRRSTRHSTHCHWQAEDRASPQAKRSVPKLFPHLQKTPVHSAAPSPIALTPGKEGSAMFAGFEGTTEEINEILSWKLVPDNYPPGHQPPPPSYIYGAQHLLRLFVKLPEILGKMSFSEKNLKALLKHLDLFLRFLAEYQADFFLESAYVSACEAHYSSKNPRTLC,Nucleus,Nucleus,Nucleus
35,MARSNYLRIFRVLEEINRRRTIPDIYHEALEDRLVITFTQPSGPLKRSKTRRPKKEYKLQYENTKAHRVYVEILEDYPQLFIPFILATPPKSCETFKLGEFREKHDLSAVKVDLRPDIRRTLDNIANRKGFNQNRRYRRLICTLFPSGRKPATTAETQNCWAYRAAYLNAVHTIFSEQICSAMEVSPTAHSPECQAPQTTSCVEMKLPKQNYQDAIVLLELSLPIDTIKILFPSANERIICSLSPQSGRGPEPSTQIAEPGRHDSQSEQSTISQSEGYILRGASISAILSVFGPRIWGAIEKSQLRKWEKDNLSEETTDCVSIEIHPRRPHCSTCRVRIGFIDDSHFRRKTVHLSLSLSAPNPLALLILEFNIFAVETVEPSFVVFRKYIIHWMFVAVIEEARRNSKGFPKGALQCCEYIHKD,Nucleus,Nucleus,Nucleus
36,MECHYSEAQLASLLLPYLERFDENAINGLASELKSHGISVYAAAGFDPNVGSSLTFKKEVPPSDTSILEDVDHVNLYSEQDNFHLSMLDMMDFHTPDIMDIGLFTDVQHEGDPVDELELSSDTRSSLSPSSHNTTTGHETGLSSVTPPQSYWTSDNLVSTRALPTTGDKQLSPQRRTEIADISSLPTCQQISLEPQCHSVMEAPCHGKEVTKRNKRSRTEAQEASNSPCASSTADSQTNPAPLRLRSVFGPGTKYNLSHKSLHEISDISENCIRPDLVEFLEERLTRWKKTGFWHQDQIPEPTASGAGREKLIDAYSCICRLESRMKDDQILNRVAVVMLHTAYEQACQEWRHAGTHQRKGRGRGDATTVIDEILSELHEDWDVGDRKRYHRSRFHDKKRFGKRWLVLIKSLGVGILLCSSQRLASAVYVLPFQITLFILDTNLSESAATRRFLPATCCRRWFAVSNSLRLNSC,Nucleus,Nucleus,Nucleus
37,MCINPADEQDYESYSLRMTAHLIESSSVTSFTATRLNQTTFRLVEDDRHIERPMVYVKLYATCVVVIDTGCNSPRNTELPVTSLRRFIETVPLDQNESMPLNPDGRLPYYILLSHCHYDHIGGLESFQGSPYHIYCSQRLSETIANSRLHHDSLRESCSLPPLELDLEKMTGVPDGYSLVDANSVELNLQLLHAPGHSPDHMVVLDLDESTIFLGDSAYEQSPLFYAYGGDLTLHIQTLARLETLLTTYETCEGAPIWTAACGHFSSGLNAVSLLQRTKTFILDVIEGKVPSRSQEANPYQSGGVLEFFTRDELAMACPDHLLKDARGSSISLCSS,Nucleus,Nucleus,Cytoplasm
38,MATTQVSGMPFVVSTSLEKPDPNLRKFIRKHVMMGKNRGKTRPTKKREKKVLDLSEVANPAIHLTKPPAASNVSLIVTRRPIPPRVGSELSTVHFADDVNLSTVAVVLRFSSIAKQALFPLETCISFDKGDKKQWIEPLAFDAAYLHTMIFTTHDYFNLLLHRTPGGETSPHFFKTIQILRERLVLEGNGRSKVSILTASVVLALAGHALLMNEYASARHHMEGLRKIIDLRGGISTFKGSSKLLIEILRCDLGMAFYTGSKPLFSDILLSSGPSLLYPEPFPTSSHCKIDQLLEGINDELVTTWRVMEGFCSLINLAAKSKTRIPKEMFLDVMASVMYRLLNMEFDTGSMNELIRLGLLAFSSSVFLQWKYMRMSYPHFSALYEDCLMRTMVSNMPPQLQLWLLMVGAVSVFTKADEEWLRPWLHQIMNSCEIELWTDMQDILDSFMWIGLVHDELGKEIFDSVSLLTITI,Nucleus,Nucleus,Nucleus
39,MARLRRRWTAEEDTLLRRAVENATTQGRPLLWRDLAKSVPGRSNKDCRRRWWNSLADGTTKGPWCEEEDERLIEAVRKYGTNWSRVSRAIRSRNPDQCSSHWSQVLDPGINYCDWTPEEDANLLHAVLTHSTNWATIAASHVPPRTRLALKNRYSTLRLKHENESKRESTIRKSVETPPSNFEPTMAISKDVKWTPPAQIHQGRGPDPVDVLIESDEEEDDDDDDEDNEEDDGDDENRGDGNSKNSMPHIELGNSLNGVDNGAVDIQMQDTGVTASNDWADFTEPSALPPLDYFHHDAQHIPMDSWANDTESHVQYEDLLELTPGENYLCDMDDSGAMNTGVQYKSYGSTPTNIDLSNPIGFHELHRTVEIFPSTTTGMDSSSAPGSRDTPPSMHFGTSASTTPRTSISGWSHQSAHYQVCVNMICTGAQMESLMTGLASLGTCITMKIDIKEDKAPLENQL,Nucleus,Nucleus,Nucleus
40,MATEEIHSLYDTILILDFGSQYSHLITRRCRELNVYCEMLPCTQKISELSWKPKGIILSGSPYSVYAPDAPHVDPDVFTLGVPILGICYGLQEIARVHGGTVDAHTHREYGYAKIEVVKTGKKDQDALFEGIEMEADGGLQVWMSHGDQLTSLPPNFVTIASTPTSPFTSVAHESKPIYGVQFHPEVSHSPRGKEVIAAFVKNVCGVRDGWSMESFIPKEIARIRQICGEKGQVIGAVSGGVDSTVAAKLMHEAIGDRFHAIMVDNGVLRKDEAKKVHKMLTVDLGVNLTVIDASELFLARLKGVEDPERKRKIIGNTFIEVFEAEAAKLEAAAEKELAEKGGEAKGKIEWLLQGTLYPDVIESISFKGPSATIKTHHNVGGLLEDMKLKLIEPLRELFKDEVRALGRLLNIPEHLVGRHPFPGPGLAIRILGEVTREQIAILQHADDIYIEEIRAAGLYDQISQAFVALLPVKAVGVAGDARTYDQVVAVRAVSTEDFMTADWFVFPPQVLKRISSRITNEVKGVNRVVYDITSKPPGTVEWL,Cytoplasm,Cytoplasm,Cytoplasm
41,GSGKSFTMMHKDNGIYVLACFDILEYLRVYNGSQGNNSKFLVPVVSFFEIYGGKLFDLLNNRQRLQALEDGKGNVQITGLTEKQISSVDAMLNLIDSGLTLRAVGATGANADSSRSHAILQIALKYTKSGKEYSRISFIDLAGSERASDVQNSDRQTRMEGAEINKSLLALKECIRAMDKSNDSKSGAHIPFRGSKLTMVLRDSFIGNSQTVMIANISPNDKSCDNTLNTLRYADRVKELQHGKGGIIKFNVLKMGQNAADVILGTARDDENDVYKAGIVGVNAAPSQQARVPPASQAPITARQIQQNLPQPHYNPNYNPPNSKPAFEPRVETTDEDDMVRTHCDLVDSIYEQEDLIVRAHRRQVDSMMQLVKEEVALLHAIENDQVSIDDWLVKLSDILSRKEEAITTLKGNLSAFKQALQKEEELSHSIDLNKARKK,Cytoplasm,Cytoplasm,Cytoplasm
42,MAPLPISSIRVGKIDDVQELIKSKPNKVPERFIREEYERGVVVSSLKTHHLHHQIPVIDLSKLSKPDNDDFFFEILKLSQACEDWGFFQVINHGIEVEVVEDIEEVASEFFDMPLEEKKKYPMEPGTVQGYGQAFIFSEDQKLDWCNMFALGVHPPQIRNPKLWPSKPARFSESLEGYSKEIRELCKRLLKYIAISLGLKEERFEEMFGEAVQAVRMNYYPPCSSPDLVLGLSPHSDGSALTVLQQSKNSCVGLQILKDNTWVPVKPLPNALVINIGDTIEVLSNGKYKSVEHRAVTNREKERLTIVTFYAPNYEVEIEPMSELVDDETNPCKYRSYNHGDYSYHYVSNKLQGKKSLDFAKILN,Cytoplasm,Cytoplasm,Cytoplasm
43,MDFESKYCTSQVNGTITITTRKVLDENLKSLLDEGKGELFLSCIPRNHSCSPRWIVEVASELGEVYIMRYKIDFSGNSRGYAYLQYINVDLKESAMQYLPMRFRQLCMCLRVEPSTNNRELVLKNVESSLRPWQVYQEMLKIHPFTIVRVYEYQLDQFFYIFEYRNNDSAASAHQRVRNSIRKFGEHAHISWLTAENILSRASGSFCFQREVSQNRTRRVPPRQKGCFKF,Cytoplasm,Cytoplasm,Nucleus
44,MAKLLQRVEITLRSFYIFNSTFGQVEGEEHKKVLFYHPNDIELNTKIKDVGLSEAIIRFTGTFTSEDDCQALHTQKTTQLFYQPEPGYWLVLVLNVPKEVRLKEGVEVADYRGAEISDRIYRAILRQCYQMFRFQNGCFSSCGSEEPNPDKRRELLCQKLLQFYDQHLTNLRDPAQCDIIDMLHSIQYLPLDKTLFLRAQNFGTLCETFPDIKESIMLYQEQVLCGGKLSPEDLHCVHSYVVQHVLKVEASSSTIAVSPSLKRSISECQVGGFVRSRQKVAGDEHDAVNEEDHPMKVYVTLDKEAKPYYLLIYRALHITLCLFLNADQVAPKQDLYDDLHAYMAPQLTSLARDISSELTKEAVGAAGQDNSSGNSETAPKYLFINEQSLQHHTNFQRHLPQGLPRNVLSIIADLANGSGKAEMESAPAEEVQVKTTNDYWIVKRRCNYRQYYVILCNSKATLLDVTQEARRIFEQELTDDVFFDK,Cytoplasm,Cytoplasm,Cytoplasm
45,MQITSALTQNKMDPINGNLTSTAPVEPLSLTAAEQVGGAFCHQFYITVSENRKAITKFYGHESKFYLDDQVVTGSQEIVKLYNHLPETTHFKIQSIKGYPTPHKQGVIINVIGTVNLRPFLQSFLLGQQGQKKYYVESDAFQYIDKFFVANTEKEKTTSSTGHNGHASGANGKDSKSSKTEQPKEQSKPAPPKQQTPKKAEDRIVKQDTPKSVEKEVAKTPQKPQLAQQPPQQRAPVPEPVQEQPKVQKTWANLVGGGGKSQPPQQQSYGQGQQIHQQTQMHHMQPSMHQQQQGSHAPLYQQQRQSHPANELRQAQESSDANLNERKIYLGGITREIVPSNTAQAESEIKQVFYKYGEIEEVRMPRKVLDSPNDTSKHAFAFITMRNKAGVKAIFEAATKDEQGVWKLPLKLDAFGFDGHAQISEQRDQPQGGGFRGGRGGFQPRGGQFFRRGGSGGAPRGGMRSGFQNAGQN,Cytoplasm,Cytoplasm,Cytoplasm
46,MPDPAKPGKDLTAWKKKKQPVHRTVSQICPPPRRPLTVVDIRTGMENERLGVVRDSMFQNPLIVKAELGKPRERSCSLPGINFNYGLYIRGLDGGVPEAIGHWNVFKQQPTCPHELTRNYIAMNRGAVKAGLVTARENMLYRELNDIRINDQEDRRQKEPPPIPPNMTFGIRSRPSTPFFDLLQHRYQQLWVQEQKATQQAIKMEKKQKVILGKLYETRSSQLRKYKPPVKLDALWHMPHFKKVASHLATFPTEADRQRALKAHKEEYAVRQGTLRMGNYTHP,Cytoplasm,Cytoplasm,Cytoplasm
47,MVRLSDTPAPTESQKRLALAIIDFLNSSLKDGTLTADDAESIEIAQSCIADTFKVDPSDEAAVKDALGGQSLASIFSVYEKLRQKPSKEPASAGAQAQSTEAQQPKAGAPTPESDKLKSEGNAAMARKEYSKAIDLYTQALSIAPANPIYLSNRAAAYSASGQHEKAAEDAELATVVDPKYSKAWSRLGLARFDMADYKGAKEAYEKGIEAEGNGGSDAMKRGLETTKRKIEEANRGAEPPADDVDDAAGASRGAGGMPDLSSLASMLGGRGGGGGGMPDLSSIMSNPMFASMAQNLMSNPDMLNNLMNNPQLRQMAENFGRGGGMPDMSSLMSDPSLAEM,Cytoplasm,Cytoplasm,Cytoplasm
48,MSTYGTLLKVTSYGESHGKAIGCVIDGFLSNIEINFDLIQKQLDRRRPNQSKLTSNRNEKDKLVILSGFDENKTLGTPITFLIYNEDIKKEDYNSFINIPRPGHGDYTYFMKYHVKNKSGSSRFSGRETATRVAAGACIEQWLYKSYNCSIVSYVHSVGNIKIPEQVSKELENKNPPSRDLVDSYGTVRYNEKEKIFMDCFNRIYDMNASMLKTDEYNKNTLTIPSIDNTYINVKTNECNINQVDNNHNNYINDKDNTFNNSEKSDEWIYLQTRCPHPYTAVQICSYILKLKNKGDSVGGIATCIIQNPPIGIGEPIFDKLEAELAKMILSIPAVKGIEFGSGFNGTYMFGSMHNDIFIPVENMSTKKESDLLYDDKGECKNMSYHSTIQNNEDQILNSTKGFMPPKNDKNFNNIDDYNVTFNNNEEKLLITKTNNCGGILAGISTGNNIVFRSAIKPVSSIQIEKETSDFYGNMCNLKVQGRHDSCILPRLPPIIEASSSMVIGDLILRQISKYGDKKLPTLFRNM,Cytoplasm,Cytoplasm,Cytoplasm
49,MTVNLTELDAHEQPSDQMRAIWKSYSRADKEELLLNGAIDDLEKPEKAAEFVVAGTVPAATLTKGFAFLGSGFDAAASDAPIYYHPLLPGLLIFPSIVPLEVQKTLLSKLIHRDLSVPAHQTNMHLHYELPYVERKPTDGEGEPEDCRQSFFSHSPDSPVRFQPKDPDVHKPLSMKQVMDRRLHWVTLGGQYDWTNRVYPEEEPPKFPPDVAGFLETVFPDTIAQAAIVNFYTPGDTMMMHRDVSEETDKGLVSLSLGCDGLFMIAPSDIGKMSEEERPEDVKKQYLLLRLRSGDAIYMIKESRYAWHGVPKVLKGTCPEALEDWPAEDGRFEEWRGWMKNKRINLNVRQMRE,Cytoplasm,Cytoplasm,Nucleus
50,MAGEKAPAAKPDATKKSPAKKADHARGKAKKKTLAEKKPKKGKPHCSRNPVLVRGIGRYSRSAMYSRKALYKRKYAAPKSRIERKKKREKVLATVTKPVGGDKNGGTRVVKLRKMPRYYPTEDVPRKLLSHGKKPFSQHVRKLRASITPGTILIILTGRHRGKRVVFLKQLSSGLLLVTGPLSLNRVPLRRTHQKFVIATSTKIDISGVKIPKHLTDAYFKKKKLRKPRHQEGEIFDTEKEKYEITEQRKVDQKAVDSQILPKIKAVPQLQGYLRSVFALTNGVYPHKLVF,Cytoplasm,Cytoplasm,Cytoplasm
51,MGHQQLYWSHPRKFGQGSRSCRVCSNRHGLIRKYGLNMCRQCFRQYAKDIGFIKLD,Cytoplasm,Cytoplasm,Cytoplasm
52,MITIETELINSTIDALKELISRPPLTEKLLSRPPFKYILDICKAVSAATGFPSPESCNYDDITDREERTAFLTSIIGQITDQLGVPVDVQIKSILAGKDVPKTLRMLVMLAQAAKLFKVRSNSSQPPPQQAPRETVASPPQEDLEALAREKAEKERQRREQEQQERERKERERQEKEREEREKHELESRERAEAEQWKQKQQQQQQQQQSAISPQKSPPKVRFADDDKTRVEEHQPVIERPHFNRPPPSQHSRRMAVTATSEPSAPQPSAMRLVKVVREESSDESNQDLNQNAGQDGGFTMGLDAEWCDEMLPGEFPLDTGAPAPSSTHGELVANILDTAEAYNVALHGDGSKKPTGLSTQRDKKPIDSYSQPVQKLISHISAIIRKSVPYAKHTAFLDEHILTMRTELHTASEAVTKLLSTSLKQESSLKQANNACESKLHSLKEQIYSLRQAQLELLHSTLAL,Cytoplasm,Cytoplasm,Cytoplasm
53,MSYHELQHFTLLMTQIGFPRPISIDTFRKPDFFLVAEILHYITTVVAPSNAIAMDIATQEDRVYFITTVVNVLQTTLHLKLDSKKIYAAGPEAVRELRKIVQEVATYIGAAATSTDKGTSSAASVDLTLHSNALCVASSKIVEASTKLLTQLRLHVDDLYQRMQQAMSSQPDAASLSAAVQQRIKNLAAECNTLQEEVTTNKREKAKLEEQITQKKQSITHTMDRLDAIRSTKPPFLAELEALEADLSKLHLEYARKFRSLLFLEGQLRANDVREQQRVIEREKNLRALQENALKEELNNMYGGVDARSSTSHLDDEFVETPMPHVMDMHQPKPVQDFVPSKAAPINTNAEIPDDESYSYSYEEEEEEEQVISSANPMQQARAPETHSNGEKHRGLDELSHKSNENADNEEYSYEYSDIGGEELDPDNIEF,Cytoplasm,Cytoplasm,Cytoplasm
54,MLHNRMTTAFERSKEQEHEAAKNEIPSFQVFIERRDFLGAITVLKFLKSTRNTAEVGNADLWIAYCNFHLGRHEEALEIYTALKKSKNPPLDAHTLDLYRAICMLYLGQMGDARELATTLPPTPLSNRLLFHACSRLLDEESLVTYHTKLRNVSADQMALAAVHFLRTHYQQALECYEEVLQVQPECFAIYMHMALCYYKLGDYLKSEEFLMLYRENAEDSLTSLNLYAATKFRQGKMAEALKILEELQNDETIVGLPIFKHNKCLYTEMNAAVHILPPLVGIVSEARQNLVKLYIEKGQYEDAYKVVQSFEPAVSAEYTLKAAAYAYYGQTVQDMAVLQYAQAAYSTVGQSDADRDTVLGRRAMAAAYFLTGEFEEASMYLESIADIPKESEDSFMLNYSLCLAATCKVTEALERLMSVMGSTNFTPVHRTWLGRLLIRAQRSAEAFDLYRDAEKNSLQTILLMKVIANECFAAGEYQYAERAAAILVDLDKASKDHYIMIQKACIAAMELIRRGKTITPPELVYETE,Cytoplasm,Cytoplasm,Cytoplasm
55,MPVFNASDWLDECLQAILEQDFQGRMELCVFDDGSTDGSRELVERWRPKFEDRGISVLISGHKSSSPRGVGYAKNQAVSQSSGRFLCFQDADDVMKPQRVRLQQEAAAANPTAIVGCKVCRVPEGSTGRYTRWINSLSAEQLLTQVYTSHGPTVIMPSWFCSRSWFEKVGQFHEGGKGVPEDLLFFYQSLRLGGLVLRVDECLLVYRYHEHAATHSVLEQTIWDLRVDFLQERVLSQWDSFTIWNAGKQGRKLYRSLRPDNQSKVKAFCDVDENKIKKGFYTYEESKERPKPKIPVLHFRNASPPFIVCVKLDMTDGVLEGNLHSLQLTEGVHYYHFN,Cytoplasm,Cytoplasm,Cytoplasm
56,MEEGCSTLVRSLEQKYLDDDEDIVQDIIFTGFTGCSPCKMASQRALELLVLNNMNIDTIGDSEKLATLASHVSEADLGWNQISKWSDIACILKNLPHLRVLNIGHNPLNPVIDHELPVSTLHTIILNGTHLPFKTLQSFLSVLPKVTELHMSDNQFNDDDDCDEPISTTVRTVHLNRCGFLKWSSVMNVVKRFPNVCSVFVCENPLKDVTHCKHFEQLPFWNFLNLAKTSIDSWDSLDQLNRMTSISDLRVPNIPLLDALTNEERLHLIIGRLHHLRVLNGSKISSEQREQSERFFIRYYQEQKEKPLQYKTLIDKHGNLEKLVTIDLTPKKEAVVKILCEEKEVNQEITISLEPTVLDFMKILDPKVGVKFTRMKLFLLREDGRTDDFSSSDYNMPLHYFKIEDGDSFLVQEKIIVTRRRRPPSSTSSSSS,Cytoplasm,Cytoplasm,Cytoplasm
57,MAFFNLYLLGYQHYFQSKKRNTAQETNQKDEVPTRLPPIISEDGNYSVHQNSHERYQEAVRKVLLKTFPNQVFRVPVTDAQNFSFWRSNIPGVRPEKAIPWIKTPHHCLIKSPMTRFVDHSHLNDKTFSLY,Cytoplasm,Cytoplasm,Cytoplasm
58,MKASGTLREYKVVGRCLPTPKSPAPPLYRMRIFAPNHVVAKSRFWYFVSQLKKMKKSSGEIVYCGQVFEKSPLRVKNFGIWLRYDSRSGTHNMYREYRDLTTAGAVTQCYRDMGARHRARAHSIQVMKVEEMAAARCRRPAVKQFHDSRIRFPLPHRVLRRQHKPRFSAKRPNTFF,Cytoplasm,Cytoplasm,Cytoplasm
59,MRAKWRKKRMRRLKRKRRKMRQRSK,Cytoplasm,Cytoplasm,Cytoplasm
60,MVRYSLDPENPTKSCKSRGSNLRVHFKNTRETAQAIKGMHIRKATKYLKDVTLKKQCVPFRRYNGGVGRCAQAKQWGWTQGRWPKKSAEFLLHMLKNAESNAELKGLDVDSLVIEHIQVNKAPKMRRRTYRAHGRINPYMSSPCHIEMILTEKEQIVPKPEEEVAQKKKISQKKLKKQKLMARE,Cytoplasm,Cytoplasm,Cytoplasm
61,MFASRIRSRALGLHPRARFENTRLPASTTGRRYKSDETLNRVSSKITQPKSQGASQAMLYATGLTEEDMSKPQVGISSVWFEGNPCNMHLHDLSAIVRDSVHRAGLVPMRFNSVGVSDGISMGTKGMRYSLQSRELIADGIETVMNAQWYDANVSLPGCDKNMPGVLMAMGRTNRPSIMVYGGSIKPGCSAKGQKLDLVSAFQSYGQFITGQIDEKERFDIIRNACPGRGACGGMYTANTLATAIETMGMTVPGSSSCPADDPKKLVECENIGEVVKTMLREDIKPRDVLTRQAFENAMIVVNILGGSTNAVLHLIAIADSVGIKLTIDDFQAVSDKTPFLADLKPSGKYLMNDLYNIGGTPALLKYLLKEGLIDGSGITVTGKTMKENVASWPDFPADQDIIRPLSNPIKPSGHLQILRGSLAPGGSVGKITGKEGLRFEGTAKCYDYEDAFIESLERGEIKKGEKTVVIIRYEGPKGGPGMPEMLKPSAAIMGAGLGQDVALLTDGRFSGGSHGFLIGHIVPEAMEGGPIALARDGDRIVIDAEERVVDLDIPTEELEKRRKEWKAPPLRYQKGTLKKYCTLVSDASHGCVTDGPI,Mitochondrion,Mitochondrion,Mitochondrion
62,MATSSIRSRALGLSRRARFETTRLPFIGRRYKSDETLNRISSKITQPKSQGASQAMLYATGLTEEDMSKAQVGISSVWFEGNPCNMHLNDLSGIVRDSVLRAGLVPMRFNSVGVSDGISMGTAGMRYSLQSRELIADGIETVMNAQWYDANISLPGCDKNMPGVLMAMGRTNRPSIMVYGGSIKPGCSAKGQKLDLVSAFQSYGQFITGQIDETERFDIIRNACPGKGACGGMYTANTLATAIETMGMTVPGSSSCPADDPKKLVECENIGEVVKNMLREEIKPRDVMTRQAFENAMIVVNVLGGSTNAVLHLIAIADSVGIKLTIDDFQAVSDKTPFLADLKPSGKYLMNDLYSIGGTPALLKYLLKEGLIDGSGITVTGKTMKENVASWPDFPADQDIIQPLSNPIKPSGHLQILRGSLAPGGSVGKITGKEGLRFEGTAKCYDYEDAFIESLERGEIKKGEKTVVIIRYEGPKGGPGMPEMLKPSAAIMGAGLGQDVALLTDGRFSGGSHGFLIGHIVPEAMEGGPIALARDGDRIVIDAEEKVVDLDVPTEELDARRKQWKAPPLRYQKGTLKKYCALVSDASHGCVTDGPI,Mitochondrion,Mitochondrion,Mitochondrion
63,MAGAPHPHTYMGWWGSLGSPKQKYITQYTISPYAAKPLKGAAYNAVFNTFRRTKNQFLYVAIPFVVVWSIWTRARDYNEYLYTKEGREELERVNV,Mitochondrion,Mitochondrion,Mitochondrion
64,MGSYHYTSTSHFFFAGGGEGEYSSYKGTGSTDTHRPTTVRIPVTTPGPERPPDDAAAARIQAAFRGHLVRRHAAAVRGADDEATRLERLLRRQETVDAVRGDERERARFSEALMAVLLRLDAVPGYYPAVREARRAVTRRVVGLQEVFDAVLAAPDAADTCGVPASLDQVLEGIWGESPAAPPPPPPPPPPAAVEVEEEVVRSPCWRRFFGGV,Mitochondrion,Mitochondrion,Nucleus
65,MLKFLSTKCKQFNSLNHIIKHKIYFPSKSNKSYFSSSVKDVEKKNKEPIIQLTNDAINKMKEINLKYKNSKALKVCVEAGGCSGFQYSFSLIDKNKIKDKEQIVYDKDCIVVIDKQVIDILKNSKIHYINNLISKKFTIENIQNISSKCSCGNSFDIDFV,Mitochondrion,Mitochondrion,Mitochondrion
66,MGQAAWKGFVLSLFDYKTAKFVVAKSKKVGLLYRVLQLTILLYLLIWVFLIKKSYQDIDTSLQSAVVTKVKGVAYTNTTMLGERLWDVADFVIPSQGENVFFVVTNLIVTPNQRQGICAEREGIPDGECSEDTDCHAGESVVAGHGLKTGRCLRVGNSTRGTCEIFAWCPVETKSMPTDPLLKDAEGFTIFIKNFIRFPKFNFSKANVLETGNKHFLKTCHFSSTNLYCPIFRLGSIVRWAGADFQDIALKGGVIGIHIEWDCDLDKAASHCNPHYYFNRLDNKHTQSISSGYNFRFARYYRDPHGVEFRDLMKAYGIRFDVIVNGKAGKFSIIPTVINIGSGLALMGAGAFFCDLVLIYLIRKSEFYRDKKFEKVRGQKEEDNVEVEANEMEQELPEDKPLERVHQDEQALELAQSGRKQNSNCQVLFEPARSGLQENAFVNMKPSQILQTVKT,Membrane,Membrane,Membrane
67,MTVTYTARVAKARFGGFSKLLLLWRGSIYKLLWRELLCFLGLFMALSAAYRFVLTEEQKRYFEKLVLYCDRYASLIPVSFVLGFYVTLVVHRWWNQYLSMPLTDALMCVVVGTVHGHDERGRLYRRTLMRYAGLSGVLILRSVSTAVFKRFPTIDHVVEAGFMTREERKKFENLNSSYNKYWVPCVWFCNLAAQARREGRIRDNGAFKLLLEELNVFRSKCGMLFHYDWISVPLVYTQVVTIAVYSYFLACLIGRQFLDPAQGYKDHDLDLCVPIFTLLQFFFYAGWLKVAEQLINPFGEDDDDFETNFLIDRCFQVSMLAVDEMYDDLAMLEKDLYWDAAEARAPYTAATAFLMQQPSFQGSTFDITLAKEDMQFQRQDGLEAPLNEAHGDFLQRLLPVGTGMGTGGLLGRRVPLLRRKNSHVSEESMAASCACAGAPDGAVPECGCEGPLVDLGQPEPESEPITGPESPALVPAPRAPSEPLTVVPLSGTRGPAPPWLPSPIGEEEESLA,Membrane,Membrane,Membrane
68,MSESVGCCDSVSQCFFDYYTSKILIIRSKKVGTLNRFTQALVIAYVIGYVCVYNKGYQDTDTVLSSVTTKVKGIALTNTSELGERIWDVADYIIPPQEDGSFFVLTNMIITTNQTQSKCAENPTPASTCTSHRDCKRGFNDARGDGVRTGRCVSYSASVKTCEVLSWCPLEKIVDPPNPPLLADAENFTVLIKNNIRYPKFNFNKRNILPNINSSYLTHCVFSRKTDPDCPIFRLGDIVGEAEEDFQIMAVHGGVMGVQIRWDCDLDMPQSWCVPRYTFRRLDNKDPDNNVAPGYNFRFAKYYKNSDGTETRTLIKGYGIRFDVMVFGQAGKFNIIPTLLNMGAGLALLGLVNVICDWIVLTFMKRKQHYKEQKYTYVDDFGLLHNEDK,Membrane,Membrane,Membrane
69,MEDFNASLGPAVCRICMCGETSIPYLGQQAGEPLISPCKCSGTMGLFHRSCLEHWLTLTSTTNCEICKFAFKIKQKSRNFIDYIRQGGYKKLQSNRNPFIDFAFVLLILPFAFFGVFMSVEGALYAGRKYHYAFENRDNDENGNLEVRNQTSLECALFLFVALLLFSAFITLVVSALWHHFRQYKIWQAKNKIMFVVDQLDAEQSMHFNPQWKKQGGGWKEKIAKFWGEIRRRPTRAYIPEIARNDSIPIEPVVGISPVLVANFNRTSPDSNNTHHHDESRNEIPFGRRTPEQAICVSMSSTPQMYAEKLEKLTLSPIGLDDLFANSRATSTRRESGISPESSSRRDMRKTHSVYSVCSSFGTGVMSCSTPVADNNLRTLTPSPISLSTFKSGCPTEPVVAINLNDSGDTVTIDSQRGRFHVETLENDYNS,Membrane,Membrane,Membrane
70,MAQWWLILLGLWTVLPSLAGGKLLNVCMNSKHHKQEPGPEDKLYFECMPWKDNACCTRDTSWEAHLDEPLLFNFSMTHCGLLTPLCHKHFIQAICFYECSPNLGPWIQPVVPNRQEEQRLWDVPLCLEDCEEWWKDCRTSHTCKADWLHGWVWDQGKNGCPAHAPCLPFSDYFPTPADLCEKIWNNTFKASPERRNSGRCLQKWFEPTHGNPNVEVALHFAGSASAPQLSYSITAFSLCLLLHA,Membrane,Membrane,Membrane
71,MSKPRVAIIIYSLYHHVYTLAESAKIGIEAAGVKPDLFQVPETLTPEILKLVKAPPKPDIPIAEPKILNNYDAFLFGIPTRFGNMPAQWKGFWDGTGGQWARGDLRGKYAGVFVSTGTPGGGQETTVINTLSTLAHHGIVYVPFGYGSPRLADLNEVHGGSPWGAGTFAGADGSREVTELEKSIAQQQGEDFIKTITQFKQ,Membrane,Membrane,Cytoplasm
72,MSISKESSKTMIDIEKKGGEGKDGKGGSKMTKNEQFLLPFTFILIGLSSLNVWNTALGLNINFKYNTFQITGLVCSSIIALFVKVPKMLLPFALGGLAMLCAGFQIAHQCFTFEQFDTYCLIAFIVIGIMAGLAQTIAFSVGTTMEENMGGYMSAGIGISGVFIFIINLLLDQIVPDQKKFNVNEAKLLYLFLICELCLVLAIIFSVCNLELSSSKTSKEEEYSDKEQGLSYLELLKDSYKAILAMFLVNWLSLQLFPGVGHKKWQESHNISDYNVTLIVGMFQVFDFVSRYPPNLSHMKIFKWFTFSLNKLLLLNFLRLLFIPWFVINAACDLPIFTNIVQQCVCMAMLAFTNGWFNTVPFLVFVQELKKAKKKKDIETISTFLVVAMFVGLFMGIWTTYIYDFFPIVIKRYVVP,Membrane,Membrane,Membrane
73,MDKFRMMFQFLQSNQESFMNGICGIMALASAQMYSSFEFSCPCMPEYNYTYGIGLLIIPPIWFFLLGFVLNNNVSVLAEEWKRPTGRRTKDPSVLRYMLCSITQRSLIAPAVWVSVTLMDGKSFLCAFSINLDIEKFGNASLVIGMTETEKLKFLARIPCKDLFEDNEVRVAATRYIKCISQACGWMFLLMMTFTAFLIRAIRPCFTQAAFLKTKYWSHYIDIERKMFDETCKEHAKSFAKVCIHQYFENISGEMQNFHRHQSKDTSDAEEEEKQRSDEDKLLGIKAQEDMNKVLWNWHTCKPALALRKDHLDTESNGKLNGTMNGAVNGFAQGHTHDVAKKEWAVYYSKV,Membrane,Membrane,Membrane
74,MGNCLKCFQSAAEQSMPTNASSPNSHNSNSNACQTATSLANCYESVGINPNANERCALETDELLSSRTPLKPAKANNCDTKRNSFKSLGLLNGSAPTMSDIITTAVQESMEVSHQTLSKLFDVYKDPDDEEMILTDGIERLCNDLNYQPDEFAILVLAWCLDASQMCRFTKVEFIEGLHKMRADTIDSIRVRLEQTIEMLKADAEMFKQLYRFTFRFGLEPDQRVLSLEMAIDLWKLVFTVQTPDLFSNWIHFLEKHPNIRRIPKDTWNMYLNFTEQCDIQNYDDTEAWPSLFDDFVDYEKSRALVSSGIHDDDNNNDDPLQSHVKAEDPGLVS,Membrane,Membrane,Membrane
75,MALSTLWLVLMLWTSLFSDSQCSTLSQAELQELEQIHTWVVSRSFPCSVTCGLGLLTQELCPIGVTRNISTSSCKLRTISCLDSWQCGLKTQTATVGRRLVLDCLEEVMEAMGRFSFVVSWRFAFAIITTDDSLFTRYEALSLDKVVLDPLREEDSGTYRCDVLDTGKRRVKRMYKGVKVLSPKDLSLDFAQGLIHWEIPESRFANLTSSRKVYSSSTIRNIVIISVPLSFAIAVVIFIFLFCYSRRARRAAHLCQDNI,Membrane,Membrane,Membrane
76,MMFINLLLRLMCVFLIGADGQMVQMESSKAGFVGSQVELPCQFVNSNPPVKISQVTWQKLVNGTKQNVAIANPALGVSVLNPFRERVRFKNPAVRQRTPSLEDTTIVFNRLKLTDESTYICEYTTFPAGNRENMVNLTVFARPMIQMSLSTPSIVAGSKDLKMTVATCVSANGKPASVITWETDLDGESNTQEISNPDGTVTVRSDYFVVPSREIHQQLLTCISTYNEEQYTDSVTLNIQYEPEVIIEGFDGNWYLNRENVQLTCLADANPTISLYQWRYLNGTLPSSAELRDDVLIFKGPVTYDIAGTYVCDATNSIGSGSASVEVIVTEFPSYPHEVFQDQQQAGVVIGGAVVCGTVLLAAVTLLVVFLYRRRCMFKGDYSTKKQILGNGYSKAGNVPSHPSLPHSLTFSDDSDEEKKLELYRGSSILGGSVQEFHTCHDSRIKAYRTGLIEEHERCAFNEQTYIYEYGSEVEVSVDMIPQMDGSVISKEEWYV,Membrane,Membrane,Membrane
77,MDKQESFFVGHKSHRCSQNRSVSQIHQRTSRLSECYTVPLQWPHGIVWHNNNSLLKGLEAGNGQSVQTDPSKSGFVGDTVELKCLFINGKPPVKISQVTWQKLINGTKQNVAIANPALGVSVLTPFKDRVSFKHPAVRQRTPSSLEDTTIVFSSLRLSDEAAYICEYTTFPAGNRENMVNLTVFARPVTKMTLTSPTIVARTPKRKMPVATCMSANGKPPSVIKWDTTLKGEATFQETRNPNGTVTVRSNYIVLPSRETHRQKLTCIVTYRSERFTDSVILNVQYEPEVKIEGFDGNWYLNRPNVQLTCNADANPPVTVYQWKLLNGSLPNNIEIKNNTLFFKGPVTYELGGTYVCEATNSIGTRSGLVEVNVTELPNIPFDEREIPAELHSSGAAIGGAVGGVALLVAAIALLVFFLRRRQRTFKGDYSTKKHVFGNGYSKAGGMPAHPPMPKNLQYPDDSDDEKKPAQISGPGGFESGDRDFDGNSEDLKRPYFTVDEGESRDYDERTLAFQYDPEPEIADDMVSQTDGSVISKKEWYV,Membrane,Membrane,Membrane
78,MKFTHLFFIGLLTKVYTETVTVLSTRSYRLATTESTPTDGTVYLTLTRQQSSSTSLNASTITTPPSNSSASVQTTAVTDCHFHNSVQYCVDGYGNEGSILPVPTNTNNLPTSYDGCHSHDGDTFCMDGDKEVQFVKLEDEDDEESSSSSGKKCHFHAGVEHCVDDNNHDAVTCERVKRDYDIPLRIGLLFVILVTSGIGSFGPIVLKQFVNLSQENYIIVIIKQFGTGIIISTAFVHLMTHAQLMWSNSCLKIKYEGTGASITMAGIFIAFIIEYIALRIVNARDTGKVDKKEIEETSSNEQSLHGISVNDKISVMILEAGIIFHSILIGITLVVTDDVYFITLFIVIVFHQFFEGLALSSRIISITNASLSTKLVMALMFALITPIGMAIGIGVLNKFNGNDPSTLIALGTLDSFSAGVLLWTGLIEMWSHDWLHGHLRNSSFVKTTVALVSLILGMLLMSLLGNWA,Membrane,Membrane,Membrane
79,MVVTASPDTYLHVIDYGLKKVRLRFDRLLLQAFMAGVYIGMAGNACISLAGGFSTDPADPKAITAGVQKFIYASIFPVAFIAIIMTGAELFTGNTMTMLICWFERRITIWQLLQNWAGSFLGNWLGTMFSAYFLTYLCCPFDHDPYLSYLNYTAASKVSYGWGSCFLRGVGCNTWVCLAVWFVVACDDAAGKILALWFPIVAFVLSSYEHIIANLYTLQLCAMLGVDTSLADMIAFNLLPTLLGNLFGGCGLIGMVYFYNFYPVVGHGDDAAEGSICGSSEKEECPSLVGVPRGASVNSLAVSAIPSVFSAPRGQRESFAGESSTLVMGDIKRQRSMASTRKLGGGADKKDVQLTVRQFDETEMQSTMEDMFGLEDPRNAPKGNPGTNPPSKSPESSATGGTGAAASPTATS,Membrane,Membrane,Membrane
80,MTQLPYLLDRRGGALAAPATAWGDMMLNRALFSVALLSSVGSAWVVLSYACIKELRSYRHQLILGLAISDLLMSLNFMFSAGWNVAGGDLALEESRTACSVNGFLTQVFVVQTDWWILVIAIATYIILGNFKTQSQFIQTHVWIPWVGPWVLSIIIAAICHGVLGYGYIGGWCWLTSDLMRLLINFIPRWLIVIAIALIYIRLYMIVRKARKWDIEGVSPDPGDDMADTSVILMSVGKKDRERQGSGVLVSRDVSVSFGRKGSTAPTFVTMVTTSGAGDSREAISSCSAREEGSRARTVNVNSSRSLSLGMRQPLNAAQLKRIAKKMMVYPVAYAIIWACPTAIRIYQGTTGSRAPLWITIVDKSCIVIQGLVDAVVYGLNERAWQGWRDHIRRIIYKNEGGRIIG,Membrane,Membrane,Membrane
81,MCSIPPLRLLEVVDDLTCLVNSSQYSRWNFFTFTLPGFTLPMRKEFTSSCKGSFSNHPVPDHPCKLVVFFRPKMVVTAGADAYLKILEYGVKKTQLRIDRLLLQAFMAGIFVAMAGHCCTVLAGSYPTDPGDPLAVAKPTQKFIYGALFPVAFICIILTGAELFTGNTMTMLICYFQKRVTMLQLGVNWLGSLAGNWLGALFGAYFLSYLTGALGDEHVRQFLFRTCVNKISYGWGECFLRGVGCNTFVCLAVWAVIASENVAGKVLVMWFPIVAFCVGGYEHIIANMYTLQAGLMAGAPVAILDVIAFNFLPTLLGNIVGGCLLVGAVYAYNFYPTLSYTETTGAKVYVQEVGPVLDRRSSMQVSMTEREPDGQVVTEYEAVPFESFGGEYIVNKHATMAAPIPSRASSFLYPFQWQRQRSQSGNLSTHARLDLPNRPVEPPSDGLEVTPQSQTAESVAQQV,Membrane,Membrane,Membrane
82,MQPFGDAWSQRHLAGVVLAGSVLSIVGSLYMILGFFFLRECRSFRHKLILGLAVSDLLLALNFFIPSLSMVTGREISSPWNEGFCSANGFLMQLFFAQIDVWQISIALITLLMLSGPSMVLKWIRENVWAVWLFPWLVSLIAAFFAFGFWDYANVGGFCWLGSRNIRLYFNYIPRWIIILVCLVIYIAVYRLILHARRRANIQKTYRGRASDRAPPQPVTTTAPATNPESEKVNPDEISSGNGSSSLDTSRSGSSTGFTQTVHDPAVAGQIQTAAERAQEEAEQQKQVRKIAIQMISYPLAYAVLWAIPTIVMIIQVARGGEGVSIHVEGLAKMLLVFNGFVDAHVYGFNERTAMGWRQRIRPAAQEDDEEAAGTSGGVHEVVSRPEPTLKNPNVWQQNMV,Membrane,Membrane,Membrane
83,MDLLFAKIICIGIFLVVTTFGCFIPHLMGLYKEKENEEKNKRVKNILSNLNCFGSGFIFSIIMFHLLPETIHIISDHGNIRIFNTSDSQMKILYIFFFVFIGFCMQLGLEYVLPVDTNICCVSNLDSKKKLEDTLSQHITKNASTTVNIEMQNIDNIDHIHEHSCEGVHTHDEKSIGKFLEILTLQSFFLTISLAIHSCIEGMIIGTSTDVNYVFISSFCILLHKWIAGVTVSLSLNSNNMNKTLKAILLLTFVFASPLGIVLGHMAKSAGQKVTCLINAVSIGTLLFIGCEILLNEIKQNISRKVRLCKWLSFCFSCLIAFALISFTTSMAPHTHGDIDTHVHVHHHDHDHDHGHNH,Membrane,Membrane,Membrane
84,HGYVDQVTIGGQVYTGYQPYQDPYESPVPQRIERAIPGNGPVEDLTLLDIQCNGSGGSGTKPAALIASAAAGDEIAFHWTTWPSSHVGPVITYMGKVPSNTDITSYSPTGSDVIWFKIDEAGYENGKWAATDIMSAQNSTWTVTIPKALAPGQYIVRHEIIALHQAETYPGAQFYPDCFQVQVTGPGTETPTSQALVSFPGGYTPTTPGITFNVYSGSITSYPIPGPPVWTSNEAFSGGSSSSAAASSTAVASSTADSSSSAAATQSSSAAASGSAAPSSSAIGTSTASSAAASGTAIVDANTCMNNYNKCIDAGQPDPDWSGCTATKDACLAGATYQRLARSGTLGRLSF,Membrane,Membrane,Cytoplasm
85,MFRAQSFLPVLALVLRVAAHGYVDQVTIGGQVYTGYQPYQDPYESPVPQRIERAIPGNGPVEDLTLLDIQCNGSGGSGTKPAALIASAAAGDEIAFHWTTWPSSHVGPVITYMGKVPSNTDITSYSPTGSDVIWFKIDEAGYENGKWAATDIMSAQNSTWTVTIPKALAPGQYIVRHEIIALHQAETYPGAQFYPDCFQVQVTGPGTETPTSQALVSFPGGYTPTTPGITFNVYSGSITSYPIPGPPVWTSNEAFSGGSSSSAAASSTAVASSTADSSSSAAATQSSSAAPSSSAIGTSTASSAAASGTAIVDANTCMNSA,Membrane,Membrane,Cytoplasm
